 species,         t_ideal,   delta_t_ideal,          t_real,    delta_t_real
       1,      0.36316786,      0.00000932,      0.28409472,      0.00001113
       2,      0.63683214,      0.00000932,      0.71590528,      0.00001113
