D_avg / 10^-12 m^2/s,D_avg_stderr / 10^-12 m^2/s,K / 10^-12 m^2/s,K_stddev / 10^-12 m^2/s
21.205937450569603,0.007860191578576285,15.066158001419183,0.0
