 D_0 / 10^-12 m^2/s,        delta_D, K / 10^-12 m^2/s,        delta_K,             r2,   t_start / ps,     t_end / ps,    n_data, D_z / 10^-12 m^2/s,      delta_D_z, eta / 10^-3 Pa s,      delta_eta
        5417.100506,       2.583906,         0.000000,       0.000000,       0.999909,       4.000000,     407.000000,       404,        4044.697511,       2.689416,         0.290674,       0.000790
