D / 10^-12 m^2/s,delta_D / 10^-12 m^2/s,K / 10^-12 m^2/s,delta_K / 10^-12 m^2/s,r2,t_start / ps,t_end / ps,n_data_fit
     35.17587573,      0.00384552,     18.04502746,     10.98573075,      0.99997384,     51.00000000,   1000.00000000,950
