D / 10^-12 m^2/s,delta_D / 10^-12 m^2/s,K / 10^-12 m^2/s,delta_K / 10^-12 m^2/s,r2,t_start / ps,t_end / ps,n_data_fit
     20.93112284,      0.00373576,     14.32531877,      8.72118899,      0.99997140,    102.00000000,   1001.00000000,900
